Year,Length,Title,Subject,Actor
1990,111,Tie Me Up! Tie Me Down!,Comedy,Banderas
1979,122,Cuba,Action,Connery
1978,94,Days of Heaven,Drama,Gere
1983,140,Octopussy,Action,Moore
1984,101,Target Eagle,Action,Connors
1985,104,Subway,Drama,Lambert
1990,149,Camille Claudel,Drama,Depardieu
1982,188,Fanny and Alexander,Drama,Ahlstedt
1982,117,Tragedy of a Ridiculous Man,Drama,Tognazzi
1966,103,A Man & a Woman,Drama,Trintignant
1986,112,A Man & a Woman: Twenty Years Later,Drama,Trintignant
1966,103,Un Hombre y una Mujer,Drama,Trintignant
1929,84,Blackmail,Mystery,Longden
1963,109,Donovan's Reef,Comedy,Wayne
1988,110,Tucker: The Man & His Dream,Drama,Bridges
1988,101,Scrooged,Comedy,Murray
1981,116,Raiders of the Lost Ark,Action,Ford
1991,105,Predator 2,Action,Glover
1988,127,Colors,Drama,Penn
1990,97,Zandalee,Drama,Cage
1988,108,Miles from Home,Drama,Anderson
1989,88,Final Notice,Mystery,Gerard
1979,110,Quintet,Drama,Newman
1992,90,Germicide,Drama,Taylor
1972,91,Cries & Whispers,Drama,Josephson
1967,130,Casino Royale,Comedy,Niven
1954,103,Elephant Walk,Drama,Finch
1979,121,Ten,Comedy,Moore
1966,190,Hawaii,Drama,Sydow
1966,125,Torn Curtain,Mystery,Newman
1986,107,Duet for One,Drama,Bates
1985,55,Gonzo Presents Muppet Weird Stuff,Comedy,Cleese
1984,140,Tartuffe,Comedy,Depardieu
1988,104,A New Life,Comedy,Alda
1978,106,Magic,Mystery,Hopkins
1992,286,Tommy,Music,Daltry
1992,95,Alan & Naomi,Drama,Haas
1987,120,Fatal Attraction,Mystery,Douglas
1992,117,Patriot Games,Action,Ford
1992,97,Hunting,Mystery,Savage
1991,115,Bataan,War,Taylor
1991,115,Flight of the Intruder,Drama,Glover
1986,108,Nobody's Fool,Comedy,Roberts
1985,97,After Hours,Comedy,Dunne
1985,104,Desperately Seeking Susan,Comedy,Quinn
1971,102,A New Leaf,Comedy,Matthau
1959,91,Killers of Kilimanjaro,Action,Taylor
1926,126,Don Juan,Action,Barrymore
1987,102,Babette's Feast,Drama,LaFont
1988,141,Thunderball,Action,Connery
1926,66,Lodger (Story of the London Fog),Mystery,Chesney
1988,103,Appointment with Death,Mystery,Ustinov
1974,128,Murder on the Orient Express,Mystery,Balsam
1955,115,Blood Alley,War,Wayne
1988,100,Storm,Action,Palfy
1991,89,Bloodbath,Horror,Hopper
1989,103,Miami Cops,Action,Roundtree
1992,100,Eighty-Four Charing Cross Road,Drama,Hopkins
1988,90,Dr Alien,Science Fiction,Jacoby
1982,120,Creepshow,Horror,Holbrook
1987,100,Sammy & Rosie Get Laid,Drama,Din
1957,99,Mademoiselle Striptease,Comedy,Gelin
1958,77,That Naughty Girl,Comedy,Bretonniere
1959,90,Voulez-Vous Danser Avec Moi?,Comedy,Vidal
1968,113,Shalako,Westerns,Connery
1964,102,Contempt,Drama,Palance
1965,100,Dear Brigitte,Comedy,Mumy
1962,134,A Very Private Affair,Drama,Mastroianni
1955,90,Doctor at Sea,Comedy,Bogarde
1957,90,And God Created Woman,Drama,Jurgens
1973,87,Ms. Don Juan,Drama,Ronet
1987,97,Siesta,Drama,Byrne
1932,92,Rich & Strange,Drama,Kendall
1987,104,Lionheart,Action,Stoltz
1982,115,E. T. The Extra-Terrestrial,Science Fiction,Wallace
1992,101,Cool World,Drama,Byrne
1988,83,Nadine,Comedy,Bridges
1989,126,Batman,Action,Nicholson
1987,95,Blind Date,Comedy,Willis
1982,101,Mother Lode,Action,Heston
1992,125,Final Analysis,Drama,Gere
1983,134,Never Say Never Again,Action,Connery
1986,117,Nine & a Half Weeks,Drama,Rourke
1986,108,No Mercy,Drama,Gere
1990,123,Misery,Horror,Caan
1946,93,Crisis,Drama,Andersson
1984,95,Samson & Delilah,Drama,Hamilton
1990,101,Act of Piracy,Mystery,Busey
1988,96,Split Decisions,Drama,Hackman
1989,103,Vampire's Kiss,Comedy,Cage
1988,96,Nightmare at Noon,Action,Hauser
1990,127,Presumed Innocent,Mystery,Ford
1942,123,Reap the Wild Wind,Drama,Wayne
1972,100,Pocket Money,Comedy,Newman
1977,102,Mary White,Drama,Flanders
1990,105,Guilty by Suspicion,Drama,De Niro
1948,99,Secret Beyond the Door,Mystery,Redgrave
1945,103,Scarlet Street,Drama,Robinson
1988,76,Daffy Duck's Quackbusters,Action,Blanc
1985,55,Rowlf's Rhapsodies with the Muppets,Comedy,Burns
1982,188,Gandhi,Drama,Kingsley
1971,96,Carnal Knowledge,Drama,Nicholson
1970,126,Getting Straight,Comedy,Gould
1944,114,Gaslight,Drama,Boyer
1958,100,Indiscreet,Drama,Grant
1948,100,Joan of Arc,Drama,Ferrer
1982,195,A Woman Called Golda,Drama,Beatty
1969,98,A Walk in the Spring Rain,Drama,Quinn
1949,117,Under Capricorn,Drama,Cotten
1946,101,Notorious,Mystery,Grant
1940,90,June Night,Drama,Widgren
1961,120,Goodbye Again,Drama,Perkins
1956,106,Anastasia,Drama,Tamiroff
1937,91,Intermezzo,Drama,Ekman
1938,104,A Woman's Face,Drama,Svennberg
1935,90,Swedenhielms,Drama,Westergren
1939,87,Only One Night,Drama,Adolphson
1938,74,Dollar,Drama,Rydeberg
1956,98,Elena & Her Men,Drama,Ferrer
1952,110,Europa Fifty-One,Drama,Knox
1953,83,Voyage in Italy,Drama,Sanders
1954,81,Fear,Drama,Wieman
1950,107,Stromboli,Drama,Vitale
1969,103,Cactus Flower,Comedy,Matthau
1989,105,Hideaways,Comedy,Conover
1990,90,Twenty Four Hours in a Woman's Life,Drama,Torn
1987,91,Programmed to Kill,Action,Ginty
1982,128,Conan the Barbarian,Action,Schwarzenegger
1991,91,Raw Nerve,Mystery,Ford
1970,94,Think Dirty,Comedy,Feldman
1982,108,King of Comedy,Drama,De Niro
1984,158,Amadeus,Drama,Abraham
1973,101,White Lightning,Action,Reynolds
1970,137,Airport,Drama,Lancaster
1973,116,Day for Night,Drama,Aumont
1952,107,Secrets of Women,Comedy,Malmsten
1976,116,Burnt Offerings,Horror,Reed
1969,94,Easy Rider,Drama,Fonda
1991,98,Five Easy Pieces,Drama,Nicholson
1964,112,Goldfinger,Action,Connery
1942,88,Lady for a Night,Drama,Wayne
1968,103,Charly,Drama,Robertson
1973,105,High Plains Drifter,Western,Eastwood
1982,123,Honkytonk Man,Drama,Eastwood
1990,102,Nightbreed,Horror,Cronenberg
1987,98,Under the Sun of Satan,Drama,Depardieu
1985,105,Vagabond,Drama,Meril
1974,89,Monty Python & the Holy Grail,Comedy,Chapman
1993,65,John Cleese on How to Irritate People,Comedy,Cleese
1981,129,For Your Eyes Only,Action,Moore
1928,139,Wings,War,Rogers
1992,106,Medicine Man,Action,Connery
1985,119,Kiss of the Spider Woman,Drama,Hurt
1958,96,Torpedo Run,War,Ford
1990,135,Cyrano de Bergerac,Drama,Depardieu
1948,110,Border Street,Drama,Fijewski
1987,91,Firehouse,Comedy,Hopkins
1965,123,Morituri,Drama,Brando
1980,104,From the Life of the Marionettes,Drama,Atzorn
1988,120,Frantic,Mystery,Ford
1978,114,Coma,Science Fiction,Douglas
1988,117,Dead Ringers,Drama,Irons
1988,90,Golden Ninja Invasion,Action,West
1975,112,Alice Doesn't Live Here Anymore,Comedy,Kristofferson
1952,109,What Price Glory?,War,Cagney
1954,40,Inauguration of the Pleasure Dome,Short,De Brier
1989,114,School Daze,Comedy,Fishburne
1989,80,Skull,Drama,Bideman
1984,94,Best Defense,Comedy,Moore
1984,99,Dreamscape,Science Fiction,Quaid
1989,125,Black Rain,Action,Douglas
1963,138,8 1/2,Drama,Mastroianni
1935,64,One Frightened Night,Horror,Ford
1966,175,Is Paris Burning?,War,Belmondo
1974,313,QB VII,Drama,Hopkins
1983,104,Beyond the Limit,Drama,Caine
1936,84,Secret Agent,Mystery,Lorre
1986,71,Paramount Comedy Theater: Well-Developed,Comedy,Mahler
1990,107,Gremlins 2: The New Batch,Comedy,Galligan
1982,92,Fast Times at Ridgemont High,Comedy,Penn
1977,91,Rabid,Horror,Moore
1970,26,Bloopers from Star Trek,Comedy,Lawford
1943,99,Destroyer,Action,Robinson
1992,99,Party Girl,Comedy,Taylor
1989,113,Twin Peaks,Mystery,MacLachlan
1987,103,Moonstruck,Comedy,Cage
1979,128,Moonraker,Action,Moore
1984,106,Beat Street,Drama,Davis
1986,88,Running Out of Luck,Comedy,Jagger
1989,90,Never on Tuesday,Drama,Lauer
1975,109,Shampoo,Comedy,Beatty
1985,111,Power,Drama,Hackman
1965,122,Darling,Drama,Harvey
1931,68,Ambassador Bill,Comedy,Rogers
1967,111,Hombre,Western,Newman
1968,103,Coogan's Bluff,Action,Eastwood
1989,91,Penn & Teller Get Killed,Comedy,Penn
1987,118,Shy People,Drama,Philbin
1980,91,It's My Turn,Comedy,Douglas
1988,119,Dangerous Liaisons,Drama,Malkovich
1990,111,Reversal of Fortune,Drama,Irons
1991,119,Meeting Venus,Comedy,Arestrup
1946,105,Tomorrow Is Forever,Drama,Welles
1987,101,Like Father Like Son,Comedy,Cameron
1948,81,Rope,Drama,Stewart
1962,91,Road to Hong Kong,Comedy,Hope
1989,108,Shirley Valentine,Comedy,Conti
1992,135,City of Joy,Drama,Swayze
1986,88,Seven Minutes in Heaven,Comedy,Thames
1961,66,Tonight for Sure,Comedy,Lee
1962,110,Sundays & Cybele,Drama,Kruger
1989,90,Puppet Master,Science Fiction,LeMat
1991,95,Night Gallery,Horror,McDowall
1989,103,Pet Sematary,Horror,Gwynne
1977,123,Slap Shot,Comedy,Newman
1987,109,O. C. & Stiggs,Comedy,Jenkins
1988,108,A Fish Called Wanda,Comedy,Cleese
1957,82,Brink of Life,Drama,Josephson
1986,120,Betty Blue,Drama,Anglade
1979,122,Hair,Music,Savage
1989,97,National Lampoon's Christmas Vacation,Comedy,Chase
1990,106,Alice,Comedy,Baldwin
1990,94,Snow Kill,Drama,Knox
1969,128,True Grit,Western,Wayne
1948,103,Three Godfathers,Western,Wayne
1946,110,A Stolen Life,Drama,Ford
1950,138,All about Eve,Drama,Sanders
1990,89,Quick Change,Comedy,Murray
1992,90,Beauty & the Beast,Science Fiction,Marais
1940,120,Foreign Correspondent,Mystery,McCrea
1942,85,Wheel of Fortune,Drama,Wayne
1989,120,Do the Right Thing,Drama,Aiello
1967,90,Elvira Madigan,Drama,Berggren
1992,86,Hurricane Smith,Action,Weathers
1987,86,Fair Game,Action,Ford
1983,99,Risky Business,Comedy,Cruise
1980,103,I Love All of You (Je Vous Aime),Drama,Depardieu
1986,108,Love Songs,Drama,Lambert
1983,114,Le Choix des Armes,Mystery,Montand
1981,135,Choice of Arms,Action,Montand
1977,107,March or Die,War,Hackman
1986,120,Jean de Florette,Drama,Montand
1989,127,Fat Man & Little Boy,Drama,Newman
1990,125,Wild at Heart,Drama,Cage
1989,113,Family Business,Action,Connery
1988,103,Stand & Deliver,Drama,Olmos
1981,94,Looker,Science Fiction,Finney
1989,89,Fire & Rain,Action,Haid
1940,83,Seven Sinners,Drama,Wayne
1961,190,Judgment at Nuremberg,Drama,Tracy
1989,60,Minsky's Follies,Comedy,Taylor
1987,130,Wings of Desire,Drama,Ganz
1991,158,Until the End of the World,Drama,Hurt
1987,118,Castaway,Drama,Reed
1991,99,Delicatessen,Comedy,Benezech
1991,110,Hanover Street,Drama,Ford
1991,102,Hunchback,Drama,Hopkins
1946,97,My Darling Clementine,Western,Fonda
1950,86,Wagon Master,Western,Johnson
1949,93,She Wore a Yellow Ribbon,Western,Wayne
1985,90,Fantasy Man,Comedy,Hopkins
1986,87,Monster in the Closet,Comedy,Grant
1992,85,Double Edge,Drama,Eban
1976,116,Network,Comedy,Finch
1974,131,Chinatown,Drama,Nicholson
1975,117,Three Days of the Condor,Drama,Redford
1977,134,Voyage of the Damned,Drama,Sydow
1987,97,Barfly,Drama,Rourke
1947,118,Life with Father,Comedy,Powell
1974,117,Stavisky,Drama,Belmondo
1981,117,Time Bandits,Comedy,Cleese
1945,91,Flame of Barbary Coast,Western,Wayne
1984,105,Beverly Hills Cop,Comedy,Murphy
1991,86,Blind Man's Bluff,Mystery,Urich
1961,140,La Dolce Vita,Drama,Mastroianni
1966,103,After the Fox,Comedy,Sellers
1985,96,Marbella,Action,Taylor
1992,97,Killer Image.,Mystery,Ironside
1987,94,Kandyland,Drama,Laulette
1987,94,Campus Man,Drama,Dye
1956,101,Jubal,Drama,Ford
1984,85,Broadway Danny Rose,Comedy,Allen
1992,108,Husbands & Wives,Comedy,Allen
1986,103,Hannah & Her Sisters,Comedy,Caine
1979,115,Hurricane,Action,Robards
1986,95,Between Two Women,Drama,Nouri
1936,70,Doughnuts & Society,Comedy,Nugent
1978,450,Holocaust,Drama,Bottoms
1990,103,Meridian,Science Fiction,Jamieson
1992,90,Diary of a Hitman,Drama,Whitaker
1988,95,Gor,Action,Reed
1987,95,Surrender,Comedy,Caine
1984,112,Places in the Heart,Drama,Harris
1991,106,Not Without My Daughter,Drama,Molina
1977,113,Heroes,Drama,Winkler
1981,116,Absence of Malice,Drama,Newman
1979,110,Norma Rae,Drama,Bridges
1989,118,Steel Magnolias,Drama,Skerritt
1977,121,Star Wars,Science Fiction,Hamill
1983,132,Return of the Jedi,Science Fiction,Hamill
1991,104,Hear My Song,Drama,Dunbar
1956,99,Slightly Scarlet,Action,Payne
1957,120,Gunfight at the OK Corral,Western,Lancaster
1990,89,Bloodsucking Pharaohs in Pittsburgh,Comedy,Dengel
1972,129,Roma,Drama,Gonzales
1971,114,Klute,Drama,Sutherland
1965,97,Cat Ballou,Comedy,Marvin
1940,130,Rebecca,Drama,Olivier
1944,96,Jane Eyre,Drama,Welles
1973,87,Stacey!,Action,Randall
1992,85,Naked Obsession,Mystery,Katt
1983,95,Valley Girl,Comedy,Cage
1988,98,Stealing Home,Drama,Harmon
1972,92,Napoleon & Samantha,Comedy,Douglas
1989,103,My Left Foot,Drama,Day-Lewis
1987,92,Back to the Beach,Comedy,Avalon
1931,74,Inspiration,Drama,Apfel
1930,92,Anna Christie,Drama,Bickford
1928,90,Woman of Affairs,Drama,Gilbert
1935,96,Anna Karenina,Drama,March
1936,110,Camille,Drama,Taylor
1931,91,Mata Hari,Drama,Novarro
1929,100,Wild Orchids,Drama,Stone
1932,112,Grand Hotel,Drama,Barrymore
1939,108,Ninotchka,Comedy,Douglas
1933,97,Queen Christina,Drama,Gilbert
1925,125,Joyless Street,Drama,Stuart
1932,71,As You Desire Me,Drama,Douglas
1930,76,Romance,Drama,Stone
1962,105,A Child Is Waiting,Drama,Lancaster
1982,116,Tootsie,Comedy,Hoffman
1989,86,Let It Ride,Comedy,Dreyfuss
1953,120,Julius Caesar,Drama,Brando
1979,120,Nineteen Forty-One,Comedy,Belushi
1975,124,Jaws,Action,Scheider
1987,93,Hot Pursuit,Drama,Cusack
1989,120,Triumph of the Spirit,Drama,Dafoe
1975,111,Brannigan,Drama,Wayne
1979,89,Buffet Froid,Comedy,Depardieu
1986,122,Salvador,Drama,Woods
1954,108,Long John Silver,Action,Newton
1988,100,Clara's Heart,Drama,Ontkean
1987,102,Burglar,Comedy,Goldthwait
1986,120,Comic Relief,Comedy,Crystal
1978,117,Bloodbrothers,Drama,Sorvino
1988,134,Rain Man,Drama,Hoffman
1966,95,Masculine Feminine,Drama,Leaud
1932,66,Number Seventeen,Crime,Lion
1986,120,Manhunter,Drama,Petersen
1988,115,Working Girl,Comedy,Ford
1992,133,Shining Through,Mystery,Douglas
1991,76,Slumber Party Massacre III,Horror,Christian
1988,99,Tokyo Pop,Comedy,Tadokoro
1991,136,Terminator 2,Action,Schwarzenegger
1986,105,King Kong Lives!,Action,Kerwin
1969,125,Those Daring Young Men in Their Jaunty,Comedy,Curtis
1991,186,At Play in the Fields of the Lord,Drama,Berenger
1992,99,Memoirs of an Invisible Man,Comedy,Chase
1984,93,Reckless,Drama,Quinn
1987,107,Roxanne,Comedy,Martin
1982,117,Blade Runner,Action,Ford
1987,126,Wall Street,Drama,Douglas
1992,111,Pope of Greenwich Village,Drama,Rourke
1989,89,After School,Drama,Bottoms
1938,298,Flaming Frontiers,Western,Brown
1936,89,Libeled Lady,Comedy,Powell
1976,99,Inserts,Drama,Dreyfuss
1983,93,Tender Mercies,Drama,Duvall
1987,96,Nights in White Satin,Drama,Gilman
1989,87,Videodrome,Horror,Woods
1991,96,Intimate Stranger,Mystery,Russo
1986,110,Highlander,Science Fiction,Lambert
1987,93,Bodycount,Action,White
1989,104,Tango & Cash,Action,Stallone
1970,94,There's a Girl in My Soup,Comedy,Sellers
1984,100,Swing Shift,Drama,Russell
1978,112,Foul Play,Comedy,Chase
1982,109,Best Friends,Comedy,Reynolds
1972,109,Butterflies Are Free,Drama,Albert
1987,112,Overboard,Comedy,Russell
1992,102,Housesitter,Comedy,Martin
1986,106,Wildcats,Comedy,Keach
1984,100,Protocol,Comedy,Sarandon
1980,102,Seems Like Old Times,Comedy,Chase
1980,110,Private Benjamin,Comedy,Assante
1991,115,Deceived,Mystery,Heard
1931,95,Arrowsmith,Drama,Colman
1972,78,Say Goodbye Maggie Cole,Drama,McGavin
1964,132,Circus World,Drama,Wayne
1952,98,Affair in Trinidad,Drama,Ford
1948,87,Lady from Shanghai,Mystery,Welles
1940,81,Lady in Question,Drama,Aherne
1946,110,Gilda,Drama,Ford
1990,105,Dick Tracy,Comedy,Beatty
1964,130,Marnie,Drama,Connery
1987,85,Hot Child in the City,Mystery,Prysirr
1984,90,Johnny Dangerously,Comedy,Piscopo
1985,95,Stark,Mystery,Surovy
1949,84,Three Strange Loves,Drama,Malmsten
1964,170,My Fair Lady,Music,Harrison
1976,106,Robin & Marian,Action,Connery
1952,95,Pat & Mike,Comedy,Tracy
1967,108,Guess Who's Coming to Dinner,Drama,Tracy
1957,153,Desk Set,Comedy,Tracy
1975,107,Rooster Cogburn,Western,Wayne
1981,109,On Golden Pond,Drama,Fonda
1991,101,Adam's Rib,Comedy,Tracy
1991,116,Boom Town,Drama,Tracy
1991,145,Dragon Seed,Drama,Tracy
1991,115,Little Women,Drama,Tracy
1991,112,Without Love,Comedy,Tracy
1991,113,Woman of the Year,Comedy,Tracy
1992,95,Juice,Drama,Shakur
1986,114,Hoosiers,Drama,Hackman
1987,112,Tin Men,Comedy,Dreyfuss
1991,99,Paris Trout,Drama,Hopper
1988,87,Souvenir,Drama,Plummer
1966,120,A Man for All Seasons,Drama,Shaw
1986,90,Knights & Emeralds,Drama,Leadbitter
1989,83,Masque of the Red Death,Horror,MacNee
1992,88,Adventures in Dinosaur City,Action,Katz
1980,99,Caddyshack,Comedy,Chase
1973,102,Tom Sawyer,Music,Whitaker
1947,56,Hawk of Powder River,Western,Dean
1928,148,Tempest,Drama,Barrymore
1986,90,Running Mates,Drama,Webb
1987,105,Prettykill,Drama,Birney
1934,80,Judge Priest,Drama,Rogers
1950,104,Harvey,Comedy,Stewart
1991,89,If Looks Could Kill,Action,Grieco
1987,94,Raising Arizona,Comedy,Cage
1989,114,Once Around,Comedy,Dreyfuss
1980,110,Loulou,Drama,Depardieu
1980,106,Virus,Science Fiction,Kennedy
1940,127,Northwest Passage,Action,Tracy
1987,112,Gardens of Stone,Drama,Caan
1932,65,Freaks,Horror,Ford
1991,108,Necessary Roughness,Comedy,Bakula
1990,93,A Show of Force,Drama,Garcia
1988,97,Crossing Delancey,Comedy,Riegert
1987,89,Business As Usual,Comedy,Thaw
1973,103,A Touch of Class,Comedy,Segal
1970,129,Women in Love.,Drama,Bates
1988,89,Salome's Last Dance,Comedy,Johns
1986,100,Casino,Mystery,Connors
1989,90,New Year's Day,Comedy,Jaglom
1981,132,Mephisto,Drama,Brandauer
1927,60,Easy Virtue,Mystery,Dyall
1937,59,Swing It Sailor!,Comedy,Ford
1991,83,Strictly Business,Comedy,Davidson
1983,90,Blame It on Rio,Comedy,Caine
1987,86,Straight to Hell,Action,Hopper
1990,131,A View to a Kill,Action,Moore
1986,100,American Anthem,Drama,Gaylord
1963,99,Bedtime Story,Comedy,Brando
1948,100,Port of Call,Drama,Eklund
1973,103,Paper Moon,Comedy,O'Neal
1983,97,Yellowbeard,Comedy,Chapman
1975,91,Adventures of Sherlock Holmes' Smarter,Comedy,Wilder
1990,108,Flashback,Comedy,Hopper
1955,67,Killer's Kiss,Mystery,Silvera
1983,97,Breathless,Action,Gere
1989,145,Born on the Fourth of July,Drama,Cruise
1991,120,Awakenings,Drama,De Niro
1977,94,Annie Hall,Comedy,Allen
1979,96,Manhattan,Comedy,Allen
1981,195,Reds,Drama,Beatty
1986,105,Crimes of the Heart,Comedy,Shepard
1977,136,Looking for Mr. Goodbar,Drama,Atherton
1975,82,Love & Death,Comedy,Allen
1973,88,Sleeper,Comedy,Allen
1970,130,Fellini Satyricon,Drama,Potter
1977,143,Black Sunday,Drama,Shaw
1977,124,Bobby Deerfield,Drama,Pacino
1972,98,Last of the Red Hot Lovers,Comedy,Arkin
1953,116,Mogambo,Action,Gable
1955,103,To Catch a Thief,Mystery,Grant
1954,113,Rear Window,Mystery,Stewart
1945,69,Woman Who Came Back,Drama,Kruger
1939,101,Stanley & Livingstone,Action,Tracy
1989,113,Lethal Weapon 2,Action,Gibson
1992,79,Blame It on the Bellboy,Comedy,Moore
1987,90,Superman IV: The Quest for Peace,Action,Reeve
1970,90,Quackser Fortune Has a Cousin in the Bronx,Comedy,Wilder
1989,96,Dead Calm,Mystery,Neill
1990,107,Days of Thunder,Action,Cruise
1987,101,My Life As a Dog,Comedy,Glanzelius
1984,96,Unfaithfully Yours,Comedy,Moore
1987,95,Bullseye!,Comedy,Caine
1989,104,Erik the Viking,Action,Robbins
1987,90,Dragonard,Drama,Reed
1986,90,Hard Choices,Drama,McCleery
1984,106,A Year of the Quiet Sun,Drama,Wilson
1990,98,Almost an Angel,Comedy,Hogan
1986,98,Crocodile Dundee,Comedy,Hogan
1989,119,See You in the Morning,Drama,Bridges
1989,86,Dracula's Widow,Horror,Sommer
1987,90,Ninja Masters of Death,Action,Peterson
1990,110,Mystery Train,Comedy,Nagase
1978,114,Go Tell the Spartans,War,Lancaster
1986,89,True Stories,Comedy,Goodman
1953,94,Ugetsu Monogatari,Drama,Mori
1969,80,Rebel Rousers,Action,Nicholson
1988,98,Plain Clothes,Comedy,Howard
1988,116,Running on Empty,Drama,Hirsch
1990,101,Funny about Love,Comedy,Wilder
1986,84,Stewardess School,Comedy,Most
1983,94,Rumble Fish,Drama,Dillon
1990,94,Priceless Beauty,Science Fiction,Lambert
1990,115,Men Don't Leave,Drama,Howard
1988,127,Everybody's All American,Romance,Quaid
1992,128,Cape Fear,Mystery,De Niro
1949,58,Crashing Thru,Western,Wilson
1978,109,Get Out Your Handkerchiefs,Comedy,Depardieu
1990,100,Hard To Kill,Action,Seagal
1960,109,Psycho,Horror,Perkins
1957,112,Jet Pilot,Action,Wayne
1987,95,Under Cover,Mystery,Neidorf
1951,122,A Streetcar Named Desire,Drama,Brando
1985,128,Christopher Columbus,Drama,Byrne
1989,116,In Country,Drama,Willis
1980,116,Bronco Billy,Westerns,Eastwood
1986,105,Ratboy,Drama,Townsend
1938,96,Lady Vanishes,Mystery,Redgrave
1959,88,Carlton-Browne of the F.O.,Comedy,Terry-Thomas
1929,68,Racketeer,Drama,Armstrong
1941,95,Mr. & Mrs. Smith,Comedy,Montgomery
1986,132,Alrededor de Medianoche,Drama,Francois Cluzet
1982,101,Losin' It,Comedy,Cruise
1987,114,Into the Homeland,Action,Boothe
1991,60,Boxing Babes,Action,Nichol
1991,94,Shock 'em Dead,Horror,Donahue
1960,101,Heller in Pink Tights,Drama,Quinn
1961,100,Two Women,Drama,Belmondo
1957,109,Legend of the Lost,Action,Wayne
1978,111,Brass Target,Action,Cassavetes
1961,172,El Cid,Drama,Heston
1958,114,Desire under the Elms,Drama,Perkins
1953,92,Two Nights with Cleo,Drama,Sordi
1977,91,Angela,Drama,Railsback
1977,105,A Special Day,Drama,Mastroianni
1979,112,Blood Feud,Action,Mastroianni
1991,130,Man of La Mancha,Music,O'Toole
1992,116,Operation Crossbow,Action,Peppard
1986,141,Courage,Drama,Williams
1986,94,RAD,Action,Allen
1992,98,Secret Admirer,Comedy,Howell
1979,85,Cocaine Cowboys,Action,Palance
1991,118,Test Pilot,Drama,Gable
1991,102,Curly Sue,Comedy,Belushi
1962,150,Lolita,Drama,Mason
1990,107,Green Card,Comedy,Depardieu
1988,95,Gator Bait II,Action,Muzzcat
1979,129,Being There,Comedy,Sellers
1983,132,Terms of Endearment,Drama,Nicholson
1967,99,Woman Times Seven,Comedy,Sellers
1990,101,Postcards from the Edge,Comedy,Quaid
1970,105,Two Mules for Sister Sara,Western,Eastwood
1992,84,Dragonfight,Drama,Z'Dar
1939,85,Back Door to Heaven,Drama,Ford
1992,60,A Certain Sacrifice,Music,Pattnosh
1988,83,Hot to Trot,Comedy,Goldthwait
1986,103,Fire with Fire,Drama,Sheffer
1990,120,Hot Spot,Drama,Johnson
1974,124,Amarcord,Drama,Noel
1988,85,Casablanca Express,Action,Connery
1980,94,Out of the Blue,Drama,Hopper
1949,110,Sands of Iwo Jima,War,Wayne
1989,81,Deep Cover,Mystery,Conti
1955,92,Il Bidone,Drama,Crawford
1986,130,El Guerrero Solitario,Drama,Eastwood
1986,130,Heartbreak Ridge,War,Eastwood
1991,113,Audrey Rose,Drama,Hopkins
1981,86,Polyester,Comedy,Divine
1991,144,Robin Hood: Prince of Thieves,Action,Costner
1992,101,White Sands,Drama,Dafoe
1986,119,Children of a Lesser God,Drama,Hurt
1989,88,Women on the Verge of a Nervous Breakdown,Comedy,Banderas
1980,86,Pepi Luci Bom,Comedy,Rotaeta
1990,92,After the Shock,Drama,Kotto
1990,110,Modern Love,Comedy,Benson
1992,95,Riff Raff,Comedy,Carlyle
1990,181,Dances with Wolves,Western,Costner
1987,130,Matewan,Drama,Jones
1988,120,Mississippi Burning,Drama,Hackman
1988,109,Unsettled Land,Drama,Shea
1991,98,Cat Chaser,Drama,Weller
1989,109,Winter People,Drama,Russell
1987,102,Made in Heaven,Fantasy,Hutton
1986,109,Top Gun,Action,Cruise
1985,112,Witness,Drama,Ford
1984,109,Racing with the Moon,Drama,Penn
1983,98,Lovesick,Comedy,Moore
1988,106,She's Having a Baby,Comedy,Hughes
1989,105,Hawks,Drama,Dalton
1981,91,So Fine,Comedy,O'Neal
1957,89,Paths of Glory,Drama,Douglas
1964,120,Tom Jones,Drama,Ustinov
1988,98,Caddyshack 2,Comedy,Mason
1990,117,Internal Affairs,Drama,Gere
1991,206,JFK,Drama,Costner
1991,97,New Jack City,Action,Snipes
1991,87,Scenes from a Mall,Comedy,Allen
1987,118,Hope & Glory,War,Hayman
1970,194,Ryan's Daughter,Drama,Mitchum
1989,102,Dead-Bang,Action,Johnson
1988,90,Big Top Pee-wee,Comedy,Reubens
1972,128,Cabaret,Drama,Grey
1981,97,Arthur,Comedy,Moore
1976,97,A Matter of Time,Drama,Boyer
1991,240,Four American Composers,Music,Cage
1992,61,Ladies of the Chorus,Music,Garr
1953,95,How to Marry a Millionaire,Comedy,Powell
1991,94,Nothing But Trouble,Comedy,Candy
1987,109,Wisdom,Action,Estevez
1986,94,One Crazy Summer,Comedy,Cusack
1989,110,We're No Angels,Comedy,De Niro
1984,102,No Small Affair,Comedy,Cryer
1990,127,Ghost,Science Fiction,Swayze
1986,113,About Last Night,Drama,Lowe
1982,107,Six Weeks,Drama,Moore
1948,89,Return of October,Comedy,Ford
1974,117,Going Places,Drama,Depardieu
1970,99,Monte Walsh,Western,Marvin
1955,100,Mr. Arkadin,Drama,Welles
1987,86,House of the Rising Sun,Drama,Annese
1988,91,In a Shallow Grave,Drama,Biehn
1974,111,Mc Q,Action,Wayne
1941,85,Lady from Louisiana,Drama,Wayne
1990,102,Wait Until Spring Bandini,Drama,Mantegna
1987,60,Encounters,Drama,Von Bergan
1963,112,Hud,Drama,Newman
1951,111,Operation Pacific,War,Wayne
1987,83,Surf Nazis Must Die,Horror,Brenner
1956,124,Teahouse of the August Moon,Drama,Brando
1992,88,Back in the U.S.S.R.,Action,Whaley
1991,108,Prisoner of Honor.,Drama,Dreyfuss
1988,83,Control,Drama,Lancaster
1923,57,Desert Rider,Western,Hoxie
1980,109,Wholly Moses!,Comedy,Moore
1991,110,Star Trek VI: The Undiscovered Country,Science Fiction,Shatner
1989,107,Star Trek V: The Final Frontier,Action,Shatner
1991,85,Circuitry Man,Action,Metzler
1986,87,Cobra,Action,Stallone
1987,103,Beverly Hills Cop II,Comedy,Murphy
1990,90,Red Sonja,Action,Schwarzenegger
1950,93,To Joy,Drama,Olin
1992,112,Macbeth,Drama,Welles
1958,128,Vertigo,Drama,Stewart
1987,91,Young Love: Lemon Popsicle Seven,Comedy,Katzur
1946,93,Crack-Up,Mystery,Marshall
1941,57,Bury Me Not on the Lone Prairie,Western,Brown
1940,57,Law & Order,Western,Brown
1941,56,Man from Montana,Western,Brown
1950,105,Rio Grande,Western,Wayne
1939,94,Jamaica Inn,Drama,Laughton
1971,110,Big Jake,Action,Wayne
1983,72,After the Rehearsal,Drama,Josephson
1952,90,Big Jim McLain,Western,Wayne
1969,101,Smith!,Western,Ford
1978,126,International Velvet,Drama,Hopkins
1981,104,Scanners,Horror,Lack
1986,98,Trick or Treat,Horror,Price
1982,92,48 Hrs.,Action,Nolte
1955,116,Mister Roberts,Comedy,Fonda
1969,127,Z,Drama,Montand
1987,139,Maurice,Drama,Wilby
1969,114,Hamlet,Drama,Williamson
1991,117,La Femme Nikita,Drama,Karyo
1993,95,Honeymoon in Vegas,Comedy,Caan
1988,90,Going for the Gold,Action,Edwards
1976,128,Shout at the Devil,Action,Marvin
1986,94,A Smoky Mountain Christmas,Music,Majors
1984,95,Getting Physical,Drama,Naughton
1990,95,Torn Apart,Drama,Pasdar
1986,112,From the Hip,Comedy,Nelson
1992,100,Class Act,Drama,Reid
1986,89,Water,Comedy,Caine
1978,88,Silent Movie,Comedy,Brooks
1989,122,Pink Cadillac,Comedy,Eastwood
1986,107,Sweet Liberty,Comedy,Alda
1982,115,Grease II,Music,Caulfield
1989,104,Married to the Mob,Comedy,Modine
1985,121,Ladyhawke,Adventure,Broderick
1985,115,Into the Night,Comedy,Goldblum
1988,116,Tequila Sunrise,Mystery,Gibson
1989,74,B. A. D. Cats,Action,Morrow
1973,106,Dillinger,Drama,Oates
1988,360,Little Dorrit,Drama,Jacobi
1927,78,My Best Girl,Drama,Rogers
1989,93,Seizure,Horror,Frid
1990,89,A Chorus of Disapproval,Comedy,Irons
1962,119,Rome Adventure,Drama,Donahue
1992,121,Drowning by Numbers,Mystery,Hill
1991,88,Born to Ride,Action,Stamos
1988,94,Her Alibi,Comedy,Selleck
1988,96,Glitz,Mystery,Smits
1990,95,Dangerous Pursuit,Mystery,Harrison
1962,123,Experiment in Terror,Mystery,Ford
1965,108,What's New Pussycat,Comedy,O'Toole
1965,108,What's New Pussycat?,Comedy,Sellers
1983,98,Packin' It In,Comedy,Benjamin
1990,106,In Too Deep,Drama,Race
1988,107,Twins,Comedy,Schwarzenegger
1989,94,Naked Lie,Drama,Lucking
1987,87,Mistress,Drama,Rachins
1970,100,Adam at 6 A.M.,Drama,Douglas
1990,93,Web of Deceit,Drama,Read
1991,119,New York Stories,Comedy,Allen
1987,103,Au Revoir les Enfants,Drama,Manesse
1989,122,Quo Vadis,Drama,Brandauer
1974,104,Zardoz,Science Fiction,Connery
1989,84,Police Academy 6: City under Siege,Comedy,Smith
1988,90,Police Academy 5: Assignment Miami Beach,Comedy,Gaynes
1986,84,Police Academy 3: Back in Training,Comedy,Guttenberg
1977,100,Julia,Drama,Fonda
1984,90,Ransom,Drama,Ford
1990,97,Cadillac Man,Comedy,Williams
1985,135,Death of a Salesman,Drama,Hoffman
1993,104,It Started with a Kiss,Drama,Ford
1987,153,Empire of the Sun,Drama,Malkovich
1969,135,On Her Majesty's Secret Service,Action,Lazenby
1986,96,Pretty in Pink,Drama,Stanton
1987,90,PK. & the Kid.,Drama,LeMat
1986,98,Summer,Comedy,Gauthier
1990,119,Pretty Woman,Comedy,Gere
1991,111,Flatliners,Drama,Sutherland
1991,142,Hook,Action,Williams
1940,56,Riders of Pasco Basin,Western,Brown
1990,106,Desperate Hours,Mystery,Rourke
1986,111,Gung Ho,Comedy,Keaton
1992,96,Shooting Elizabeth,Mystery,Goldblum
1951,101,Strangers on a Train,Mystery,Granger
1991,87,To Die Standing,Action,De Young
1980,92,Rodeo Girl,Drama,Hopkins
1969,110,Butch Cassidy & the Sundance Kid,Western,Newman
1968,121,Hellfighters,Action,Wayne
1986,120,Blue Velvet,Mystery,MacLachlan
1989,110,Cousins,Comedy,Danson
1976,90,Black & White in Color,Comedy,Carmet
1988,81,Another Woman,Drama,Hackman
1992,128,Night on Earth,Drama,Benigni
1988,92,Permanent Record,Drama,Boyce
1991,98,Another You,Comedy,Pryor
1988,89,Cheerleader Camp,Horror,Garrett
1990,98,Trapper County War,Action,Hudson
1947,96,Angel & the Badman,Western,Wayne
1990,109,Impulse,Mystery,Fahey
1988,91,Track Twenty-Nine,Drama,Oldman
1991,110,Freejack,Action,Estevez
1987,120,Innerspace,Science Fiction,Quaid
1990,102,Joe Versus the Volcano,Comedy,Hanks
1972,99,Cancel My Reservation,Comedy,Hope
1991,135,North by Northwest,Mystery,Grant
1992,213,Exodus,Drama,Newman
1985,96,Out of the Darkness,Mystery,Sheen
1974,105,Steppenwolf,Drama,Sydow
1968,105,Partner,Drama,Clementi
1971,102,Dirty Harry,Drama,Eastwood
1986,103,Ferris Bueller's Day Off,Comedy,Broderick
1986,89,Legend,Science Fiction,Cruise
1989,97,A Dry White Season,Drama,Sutherland
1968,360,War & Peace,Drama,Tikhonov
1992,96,Defense of the Realm,Drama,Elliott
1991,90,Basil The Rat,Comedy,Cleese
1991,80,Going Under,Comedy,Pullman
1990,83,U S. Sub Standard.,Comedy,Pullman
1973,127,Last Tango in Paris,Drama,Brando
1987,155,Indigo Autumn & Lilac Dream,Drama,Singer
1966,102,Johnny Tiger,Drama,Taylor
1986,90,Head Office,Comedy,Reinhold
1972,100,Le Charme Discret de la Bourgeoisie,Comedy,Rey
1986,83,Blue City,Action,Nelson
1983,123,Bad Boys,Drama,Penn
1981,115,Endless Love,Drama,Hewitt
1976,90,Rocky,Drama,Stallone
1988,103,Cocktail,Drama,Cruise
1936,77,Sabotage,Mystery,Homolka
1985,56,Fozzie's Muppet Scrapbook,Comedy,Berle
1954,110,Desiree,Drama,Brando
1960,185,Spartacus,Drama,Douglas
1955,150,Guys & Dolls,Comedy,Brando
1992,95,Until They Sail,Drama,Newman
1988,116,Coming to America,Comedy,Murphy
1963,93,Lilies of the Field,Drama,Poitier
1987,99,River's Edge,Drama,Glover
1986,93,Ruthless People,Comedy,DeVito
1988,101,Funny Farm,Comedy,Chase
1978,103,California Suite,Comedy,Caine
1986,97,Maximum Overdrive,Horror,Estevez
1985,116,Pale Rider,Western,Eastwood
1986,90,French Lesson,Comedy,Sterling
1985,88,Roller Blade,Action,Hutchinson
1964,101,A Shot in the Dark,Comedy,Sellers
1982,122,Missing,Drama,Lemmon
1989,99,Picasso Trigger,Action,Bond
1987,97,Hard Ticket to Hawaii,Action,Moss
1933,72,Baby Face,Drama,Brent
1985,117,Cocoon,Science Fiction,Ameche
1986,96,Clockwise,Comedy,Cleese
1993,103,Romantic Comedy,Comedy,Moore
1981,111,Outland,Science Fiction,Connery
1967,114,Hang 'em High,Western,Eastwood
1992,123,Basic Instinct,Mystery,Douglas
1990,113,Total Recall,Action,Schwarzenegger
1987,115,Stakeout,Comedy,Dreyfuss
1987,135,Ironweed,Drama,Nicholson
1991,112,Defending Your Life,Comedy,Brooks
1984,106,Falling in Love,Drama,De Niro
1986,108,Heartburn,Comedy,Nicholson
1983,131,Silkwood,Drama,Russell
1982,151,Sophie's Choice,Drama,Kline
1985,161,Out of Africa,Drama,Redford
1985,124,Plenty,Drama,Dance
1988,122,A Cry in the Dark,Drama,Neill
1989,99,She-Devil,Comedy,Begley
1992,103,Death Becomes Her,Drama,Willis
1991,28,Kids & Pesticides,Drama,Whyatt
1970,129,On a Clear Day You Can See Forever,Music,Montand
1987,100,Nuts,Drama,Dreyfuss
1983,134,Yentl,Music,Patinkin
1968,151,Funny Girl,Music,Sharif
1990,97,Fellow Traveller,Drama,Travanti
1970,140,Dodesukaden,Drama,Zushi
1941,117,So Ends Our Night,Drama,March
1984,102,Sword of the Valiant,Action,O'Keeffe
1989,99,Driving Miss Daisy,Drama,Freeman
1983,105,Between Friends,Drama,Ramer
1957,173,Raintree County,Drama,Clift
1967,109,Reflections in a Golden Eye,Drama,Brando
1968,109,Secret Ceremony,Drama,Mitchum
1963,243,Cleopatra,Drama,Burton
1992,130,Who's Afraid of Virginia Woolf?,Drama,Burton
1977,110,A Little Night Music,Music,Cariou
1956,201,Giant,Drama,Hudson
1943,90,Lassie Come Home,Drama,McDowall
1993,76,Return Engagement,Drama,Bottoms
1972,108,Hammersmith Is Out,Drama,Burton
1991,60,Super Duper Bloopers,Comedy,Cooper
1973,99,Ash Wednesday,Drama,Fonda
1931,125,Cimarron,Western,Dix
1992,83,Apache Woman,Western,Bridges
1988,101,Mystic Pizza,Comedy,Moses
1991,95,Dogfight,Action,Phoenix
1988,60,Daphnis & Chloe,Music,Morrow
1980,97,Marathon,Comedy,Newhart
1948,127,Fort Apache,Western,Fonda
1937,100,Wee Willie Winkie,Drama,Romero
1987,91,Big Shots,Action,Busker
1988,85,Doin' Time on Planet Earth,Comedy,Strouse
1983,91,All the Right Moves,Drama,Cruise
1987,93,Some Kind of Wonderful,Drama,Stoltz
1985,116,Back to the Future,Comedy,Fox
1986,99,Critical Condition,Comedy,Pryor
1989,88,Center of the Web,Mystery,Curtis
1990,110,Border Shootout,Action,Ford
1989,109,Lean on Me,Drama,Freeman
1986,221,On Wings of Eagles,Drama,Lancaster
1941,94,Texas,Western,Holden
1939,80,Allegheny Uprising,Drama,Wayne
1940,95,Dark Command,Western,Wayne
1986,103,Peggy Sue Got Married,Drama,Cage
1985,130,Prizzi's Honor,Comedy,Nicholson
1984,101,Crimes of Passion,Drama,Perkins
1984,106,Romancing the Stone,Action,Douglas
1988,90,Cannibal Women in the Avocado Jungle of Death,Comedy,Primus
1986,91,Mr Love.,Comedy,Jackson
1968,139,2001: A Space Odyssey,Science Fiction,Dullea
1968,88,Hour of the Wolf,Drama,Sydow
1984,96,Dangerous Moves,Drama,Caron
1957,147,Sayonara,Drama,Brando
1968,158,Where Eagles Dare,War,Burton
1985,95,Teen Wolf,Drama,Fox
1990,88,Amazon,Action,Davi
1970,97,Spider's Stratagem,Drama,Brogi
1971,102,Play Misty for Me,Mystery,Eastwood
1981,88,Going Ape,Comedy,Danza
1967,127,Cool Hand Luke,Drama,Newman
1988,89,Phantom of the Ritz,Horror,Bergman
1990,85,Crash & Burn,Science Fiction,Ganus
1991,114,After Dark My Sweet,Mystery,Patric
1992,121,Christopher Columbus: The Discovery,Adventure,Brando
1986,109,Young Sherlock Holmes,Mystery,Rowe
1991,104,Doc Hollywood,Comedy,Fox
1988,96,Baja Oklahoma,Comedy,Coyote
1986,137,Aliens,Science Fiction,Biehn
1992,115,Alien Three,Science Fiction,Dutton
1997,109,Alien: resurrection,Science Fiction,Perlman
1979,117,Alien,Science Fiction,Skerritt
1985,97,One Woman or Two,Comedy,Depardieu
1984,96,Soggy Bottom U. S. A.,Comedy,Johnson
1973,96,Bang the Drum Slowly,Drama,Moriarty
1972,92,Fuzz,Action,Reynolds
1967,107,Bedazzled,Comedy,Cook
1969,110,One Hundred Rifles,Western,Reynolds
1968,106,Bandolero!,Western,Stewart
1972,87,Hannie Caulder,Drama,Borgnine
1988,161,Bird,Drama,Whitaker
1955,60,Meet Millie,Drama,Halop
1987,88,Hell Comes to Frogtown,Science Fiction,LeFlore
1970,91,Start the Revolution Without Me,Comedy,Wilder
1989,107,Major League,Comedy,Sheen
1989,93,Cookie,Comedy,Falk
1973,112,American Graffiti,Comedy,Dreyfuss
1953,96,Dangerous When Wet,Music,Lamas
1980,111,Stir Crazy,Comedy,Pryor
1989,91,Young Einstein,Comedy,Serious
1982,125,An Officer & a Gentleman,Drama,Gere
1987,101,Black Widow,Mystery,Hopper
1986,116,Legal Eagles,Comedy,Redford
1970,90,Bloody Mama,Action,Stroud
1965,106,A Patch of Blue,Drama,Poitier
1955,109,I Died a Thousand Times,Drama,Palance
1977,90,Tentacles,Horror,Huston
1992,96,A Day in October,Drama,Sweeney
1964,102,A Fistful of Dollars,Westerns,Eastwood
1985,94,My Science Project,Comedy,Stockwell
1979,105,Meteor,Action,Connery
1955,111,Rebel Without a Cause,Drama,Dean
1961,153,West Side Story,Music,Beymer
1970,110,Trash,Comedy,Dallesandro
1966,95,A Big Hand for the Little Lady,Comedy,Fonda
1966,104,A Fine Madness,Comedy,Connery
1989,117,Harry & Son,Drama,Newman
1961,98,Paris Blues,Drama,Newman
1991,144,State of Grace,Drama,Penn
1943,108,Shadow of a Doubt,Drama,Cotten
1950,110,Stage Fright,Mystery,Wilding
1947,103,Magic Town,Drama,Stewart
1975,93,That Lucky Touch,Action,Moore
1949,90,Lust for Gold,Drama,Ford
1987,103,Heat,Mystery,Reynolds
1993,75,Employee's Entrance,Drama,William
1947,87,Night Is My Future,Drama,Malmsten
1953,94,Vera Cruz,Action,Cooper
1954,91,Apache,Western,Lancaster
1977,146,Twilight's Last Gleaming,Drama,Lancaster
1954,30,Bank on the Stars,Drama,Paar
1987,100,Law of Desire,Drama,Maura
1988,92,Bloodsport,Action,Van Damme
1986,85,Torment,Horror,Gilbert
1988,138,Pelle the Conqueror,Drama,Sydow
1981,118,Taps,Drama,Hutton
1983,90,Le Dernier Combat,Drama,Jolivet
1989,91,Too Beautiful for You,Drama,Depardieu
1963,113,Heavens Above,Comedy,Sellers
1961,141,One Eyed Jacks,Western,Malden
1936,87,Modern Times,Comedy,Chaplin
1991,114,Thunderbolt & Lightfoot,Action,Eastwood
1931,87,A Nous la Liberte,Drama,Marchand
1979,95,Scum,Action,Winstone
1979,153,Apocalypse Now,Drama,Brando
1975,87,They Came from Within,Horror,Hampton
1991,87,Killer Tomatoes Strike Back,Comedy,Astin
1979,87,Attack of the Killer Tomatoes,Comedy,Wilson
1986,91,Wise Guys,Comedy,Piscopo
1989,90,American Autobahn,Drama,Jalenak
1975,94,Posse,Western,Douglas
1982,136,Firefox,Action,Eastwood
1987,91,Penitentiary III,Action,Kennedy
1990,86,Wagonmaster,Western,Johnson
1945,135,They Were Expendable,War,Montgomery
1949,59,Law of the Golden West,Western,Hale
1949,60,Pioneer Marshal,Western,Hale
1949,60,Ranger of the Cherokee Strip,Western,Hale
1950,60,Vanishing Westerner,Western,Hale
1948,59,Bandits of Dark Canyon,Western,Lane
1983,112,Local Hero,Comedy,Riegert
1985,114,To Live & Die in L. A.,Action,Stockwell
1961,113,Ferry to Hong Kong,Drama,Welles
1958,83,Up the Creek,Comedy,Sellers
1982,111,Yol,Drama,Akan
1989,150,Sara Dane,Drama,Hopkins
1988,84,Night Tide,Drama,Muir
1953,92,His Majesty O'Keefe,Action,Lancaster
1960,122,North to Alaska,Western,Wayne
1966,76,Flight to Fury,Action,Nicholson
1966,82,Ride in the Whirlwind,Western,Nicholson
1970,93,Powderkeg,Western,Taylor
1953,95,I Confess,Drama,Clift
1969,126,Topaz,Mystery,Forsythe
1930,95,Murder,Mystery,Marshall
1954,123,Dial M for Murder,Mystery,Milland
1937,80,Young & Innocent,Mystery,Pilbeam
1976,95,Creature from Black Lake,Horror,Elam
1981,124,Chariots of Fire,Drama,Cross
1982,81,Monty Python Live at the Hollywood Bowl,Comedy,Chapman
1981,117,Victory,Drama,Stallone
1970,146,Kelly's Heroes,War,Eastwood
1989,109,Next of Kin,Mystery,Swayze
1990,96,Chattahoochee,Drama,Oldman
1986,107,Down by Law,Comedy,Waits
1992,85,Survival Zone,Action,Ford
1979,94,Monty Python's Life of Brian,Comedy,Chapman
1983,107,Monty Python's the Meaning of Life,Comedy,Cleese
1945,82,Dakota,Western,Wayne
1952,112,Viva Zapata!,Drama,Brando
1990,90,Big Bad John,Action,English
1971,138,A Clockwork Orange,Science Fiction,McDowell
1991,117,Full Metal Jacket,War,Modine
1943,82,Sanshiro Sugata,Drama,Fujita
1991,97,Rhapsody in August,Drama,Gere
1946,110,No Regrets for Our Youth,Drama,Hara
1951,83,Rashomon,Drama,Mifune
1962,96,Sanjuro,Mystery,Mifune
1955,200,Seven Samurai,Drama,Mifune
1957,110,Throne of Blood,Drama,Mifune
1961,110,Yojimbo,Action,Mifune
1980,161,Kagemusha,Drama,Nakadai
1952,134,Ikiru,Drama,Shimura
1987,90,Empire of Spiritual Ninja,Action,Berlin
1926,139,Metropolis,Science Fiction,Abel
1946,106,Cloak & Dagger,Mystery,Cooper
1920,137,Spiders,Drama,De Vogy
1954,90,Human Desire,Drama,Ford
1928,130,Spies,Drama,Klein-Rogge
1991,95,Fury,Drama,Tracy
1990,129,Mo' Better Blues,Drama,Washington
1989,30,Matt Talbot,Drama,Ford
1991,130,For a Few Dollars More,Westerns,Eastwood
1944,139,Thirty Seconds over Tokyo,War,Tracy
1982,93,Class of 1984,Drama,King
1974,109,Juggernaut,Action,Harris
1945,94,Blood on the Sun,Drama,Cagney
1969,161,Paint Your Wagon,Music,Marvin
1964,105,Ensign Pulver,Comedy,Walker
1976,92,Street People,Action,Moore
1987,85,Operation Nam,War,Wayne
1988,75,Let It Rock,Drama,Hopper
1978,90,Eraserhead,Horror,Nance
1957,97,Sweet Smell of Success,Drama,Lancaster
1971,88,And Now for Something Completely Different,Comedy,Cleese
1984,92,Crackers,Action,Sutherland
1991,89,Green Glove,Drama,Ford
1970,89,Menace on the Mountain,Action,Crowley
1940,90,In Old California,Western,Wayne
1980,99,Ffolkes,Action,Moore
1970,111,Chisum,Western,Wayne
1966,123,Closely Watched Trains,Drama,Neckar
1973,91,Executive Action,Drama,Lancaster
1942,101,Flying Tigers,Action,Wayne
1991,87,Father's Little Dividend,Comedy,Tracy
1982,92,An Evening with Robin Williams,Comedy,Williams
1987,90,Eddie Murphy Raw,Comedy,Murphy
1989,118,Harlem Nights,Comedy,Murphy
1973,93,Santee,Western,Ford
1971,115,Sometimes a Great Notion,Drama,Newman
1970,117,Catch Twenty-Two,Comedy,Arkin
1988,90,Dark Age,Action,Jarratt
1981,94,Deadline,Mystery,Newman
1935,60,Mysterious Mr. Wong,Mystery,Lugosi
1988,92,A Month in the Country,Drama,Firth
1987,116,Orphans,Drama,Finney
1976,139,All the President's Men,Drama,Redford
1987,73,J-Men Forever,Action,Bergman
1988,92,Judgement in Berlin,Drama,Sheen
1988,100,Rocket Gibraltar,Drama,Lancaster
1972,116,Jeremiah Johnson,Drama,Redford
1970,112,Burn!,Drama,Brando
1973,122,Magnum Force,Action,Eastwood
1989,86,Cyborg,Action,Van Damme
1983,86,Scream,Horror,Martin
1951,102,Flying Leathernecks,Action,Wayne
1985,92,What Comes Around,Drama,Reed
1980,123,Mon Oncle D'Amerique,Comedy,Roger-Pierre
1984,96,Roadhouse Sixty-Six,Action,Dafoe
1987,98,Russkies,Action,Hubley
1990,96,My Blue Heaven,Comedy,Martin
1990,103,Altered States,Science Fiction,Hurt
1970,170,Patton,War,Scott
1969,123,Midnight Cowboy,Drama,Hoffman
1976,112,Maitresse,Drama,Ogier
1987,86,Disorderlies,Comedy,Boys
1991,60,Garrison Keillor's Home,Comedy,Keillor
1938,55,Overland Stage Raiders,Western,Wayne
1938,55,Pals of the Saddle,Western,Wayne
1982,92,Alone in the Dark,Horror,Schultz
1979,112,Escape from Alcatraz,Drama,Eastwood
1948,88,Criss Cross,Drama,Lancaster
1976,132,Midway,War,Heston
1990,126,Indiana Jones & the Last Crusade,Action,Ford
1993,90,Duel,Mystery,Weaver
1991,193,Separate but Equal,Drama,Poitier
1924,123,Gosta Berling's Saga,Drama,Hanson
1986,120,Platoon,Drama,Sheen
1971,100,Willy Wonka & the Chocolate Factory,Music,Wilder
1971,88,Joe Kidd,Western,Eastwood
1938,96,Boys Town,Drama,Tracy
1982,150,A Question of Honor,Drama,Gazzara
1947,61,Check Your Guns,Western,Dean
1947,56,West to Glory,Western,Dean
1992,54,Border Feud,Action,LaRue
1947,53,Law of the Lash,Western,LaRue
1949,66,Outlaw Country,Western,LaRue
1992,53,Return of the Lash,Action,LaRue
1937,60,Mystery of the Hooded Horsemen,Western,Ritter
1937,60,Tex Rides with the Boy Scouts,Western,Ritter
1949,59,Shadows of the West,Western,Wilson
1991,102,Instant Karma,Comedy,Cassidy
1957,73,Time Lock,Drama,Connery
1953,79,Appointment in Honduras,Drama,Ford
1982,136,Danton,Drama,Depardieu
1985,109,Les Comperes,Comedy,Richard
1990,128,Dead Poets Society,Drama,Williams
1976,176,Kings of the Road (In the Course of Time),Drama,Vogler
1990,98,Hiroshima,Drama,Nelson
1956,97,Somebody up There Likes Me,Drama,Newman
1955,57,Jack Benny Show,Comedy,Benny
1962,182,Mutiny on the Bounty,Action,Brando
1986,60,Monty Python's Flying Circus,Comedy,Chapman
1992,60,Hollywood Mavericks,Comedy,Coppola
1990,60,Live at Harrah's,Comedy,Cosby
1977,255,Nineteen Hundred,Drama,De Niro
1972,15,My Country Right or Wrong,War,Douglas
1992,118,Tightrope,Mystery,Eastwood
1987,95,Hearts of Fire,Drama,Everett
1992,165,How the West Was Won,Western,Fonda
1993,88,Great White Death,Action,Ford
1993,102,Today We Kill....Tomorrow We Die,Western,Ford
1989,116,Back to the Future II,Comedy,Fox
1973,105,Deadly Trackers,Western,Harris
1982,208,Othello,Drama,Hopkins
1953,120,Tales of Tomorrow,Horror,Karloff
1991,128,Inherit the Wind,Drama,Kelly
1990,45,This Is Horror,Horror,King
1992,112,Conversation Piece,Drama,Lancaster
1986,49,Jay Leno: The American Dream,Comedy,Leno
1990,92,Primal Rage,Mystery,Lowe
1986,52,Howie Mandel's North American Watusi Tour,Comedy,Mandel
1991,98,L. A. Story,Comedy,Martin
1986,60,Steve Martin Live!,Comedy,Martin
1992,101,Romulus & the Sabines,Action,Moore
1983,91,Strange Brew,Comedy,Moranis
1990,98,Another Forty-Eight Hours,Action,Murphy
1991,99,What about Bob?,Comedy,Murray
1992,121,Harper,Mystery,Newman
1989,61,Exile in Concert,Music,Pennington
1987,60,Joe Piscopo New Jersey Special,Comedy,Piscopo
1988,96,Salsa: The Motion Picture,Drama,Rosa
1991,80,Hollywood's Greatest War Movies,War,Scott
1991,91,Out for Justice,Action,Seagal
1991,101,I'm All Right Jack,Comedy,Sellers
1960,91,Never Let Go,Action,Sellers
1991,84,Two-Way Stretch,Comedy,Sellers
1958,92,Tom Thumb,Science Fiction,Tamblyn
1989,90,Beartooth,Action,Taylor
1979,90,James Taylor in Concert,Music,Taylor
1942,253,Gangbusters,Drama,Taylor
1967,105,Chuka,Western,Taylor
1980,93,Cry of the Innocent,Drama,Taylor
1991,108,Edison the Man,Drama,Tracy
1991,101,Keeper of the Flame,Drama,Tracy
1939,55,Frontier Horizon,Western,Wayne
1934,54,Hell Town,Western,Wayne
1965,165,In Harm's Way,War,Wayne
1991,56,King of the Pecos,Western,Wayne
1992,59,Lawless Frontier,Western,Wayne
1934,54,Lucky Texan,Western,Wayne
1992,112,McQ,Action,Wayne
1991,54,Neath the Arizona Skies,Western,Wayne
1991,53,Randy Rides Alone,Western,Wayne
1993,58,Range Feud,Western,Wayne
1992,134,Red River,Western,Wayne
1991,52,Riders of Destiny,Western,Wayne
1989,103,Blood & Guns,Action,Welles
1988,78,Hot Money,Drama,Welles
1977,75,Comedy Tonight,Comedy,Williams
1991,65,Robin Williams,Comedy,Williams
